"Category","Check","Severity","Status","Detail","Timestamp"
"Structure","Sheet count (26)","CRITICAL","PASS","25+ sheets present","17:56:37"
"Structure","Required sheets","CRITICAL","PASS","All 10 core sheets present","17:56:38"
"Structure","VBA components (63)","CRITICAL","PASS","38+ components (29 .bas + 1 .frm + ThisWorkbook + internals)","17:56:39"
"Structure","No duplicate modules","WARNING","PASS","All module names unique","17:56:41"
"Structure","Code volume (12027 lines)","INFO","PASS","9000+ lines of business logic","17:56:43"
"Security","Sheet protection (26/26)","CRITICAL","PASS","Majority sheets protected","17:56:51"
"Security","No hardcoded passwords","CRITICAL","PASS","All passwords use mod_Config.MASTER_PWD","17:56:52"
"Security","Error handling (97%)","WARNING","PASS","34/C:\Users\Administrator\Dropbox\Logistics.Public.Sector.Refactor\Software_Surgical_Edit\VBA_Modules\MAIN_MACROS.bas C:\Users\Administrator\Dropbox\Logistics.Public.Sector.Refactor\Software_Surgical_Edit\VBA_Modules\mod_Analysis.bas C:\Users\Administrator\Dropbox\Logistics.Public.Sector.Refactor\Software_Surgical_Edit\VBA_Modules\mod_ApprovalWorkflow.bas C:\Users\Administrator\Dropbox\Logistics.Public.Sector.Refactor\Software_Surgical_Edit\VBA_Modules\mod_AuditTrail.bas C:\Users\Administrator\Dropbox\Logistics.Public.Sector.Refactor\Software_Surgical_Edit\VBA_Modules\mod_Barcode.bas C:\Users\Administrator\Dropbox\Logistics.Public.Sector.Refactor\Software_Surgical_Edit\VBA_Modules\mod_Budget.bas C:\Users\Administrator\Dropbox\Logistics.Public.Sector.Refactor\Software_Surgical_Edit\VBA_Modules\mod_BudgetSetup.bas C:\Users\Administrator\Dropbox\Logistics.Public.Sector.Refactor\Software_Surgical_Edit\VBA_Modules\mod_Config.bas C:\Users\Administrator\Dropbox\Logistics.Public.Sector.Refactor\Software_Surgical_Edit\VBA_Modules\mod_CSVImportExport.bas C:\Users\Administrator\Dropbox\Logistics.Public.Sector.Refactor\Software_Surgical_Edit\VBA_Modules\mod_Dashboard.bas C:\Users\Administrator\Dropbox\Logistics.Public.Sector.Refactor\Software_Surgical_Edit\VBA_Modules\mod_Database.bas C:\Users\Administrator\Dropbox\Logistics.Public.Sector.Refactor\Software_Surgical_Edit\VBA_Modules\mod_DataValidator.bas C:\Users\Administrator\Dropbox\Logistics.Public.Sector.Refactor\Software_Surgical_Edit\VBA_Modules\mod_DemoData.bas C:\Users\Administrator\Dropbox\Logistics.Public.Sector.Refactor\Software_Surgical_Edit\VBA_Modules\mod_ExportEngine.bas C:\Users\Administrator\Dropbox\Logistics.Public.Sector.Refactor\Software_Surgical_Edit\VBA_Modules\mod_Forecasting.bas C:\Users\Administrator\Dropbox\Logistics.Public.Sector.Refactor\Software_Surgical_Edit\VBA_Modules\mod_InventoryReconciliation.bas C:\Users\Administrator\Dropbox\Logistics.Public.Sector.Refactor\Software_Surgical_Edit\VBA_Modules\mod_Localization.bas C:\Users\Administrator\Dropbox\Logistics.Public.Sector.Refactor\Software_Surgical_Edit\VBA_Modules\mod_Navigation.bas C:\Users\Administrator\Dropbox\Logistics.Public.Sector.Refactor\Software_Surgical_Edit\VBA_Modules\mod_Procurement.bas C:\Users\Administrator\Dropbox\Logistics.Public.Sector.Refactor\Software_Surgical_Edit\VBA_Modules\mod_QRCode.bas C:\Users\Administrator\Dropbox\Logistics.Public.Sector.Refactor\Software_Surgical_Edit\VBA_Modules\mod_ReceiptTag.bas C:\Users\Administrator\Dropbox\Logistics.Public.Sector.Refactor\Software_Surgical_Edit\VBA_Modules\mod_Reports.bas C:\Users\Administrator\Dropbox\Logistics.Public.Sector.Refactor\Software_Surgical_Edit\VBA_Modules\mod_SharedEnvironment.bas C:\Users\Administrator\Dropbox\Logistics.Public.Sector.Refactor\Software_Surgical_Edit\VBA_Modules\mod_StockAging.bas C:\Users\Administrator\Dropbox\Logistics.Public.Sector.Refactor\Software_Surgical_Edit\VBA_Modules\mod_StockEngine.bas C:\Users\Administrator\Dropbox\Logistics.Public.Sector.Refactor\Software_Surgical_Edit\VBA_Modules\mod_StockEntry_Logic.bas C:\Users\Administrator\Dropbox\Logistics.Public.Sector.Refactor\Software_Surgical_Edit\VBA_Modules\mod_StockOutPredictor.bas C:\Users\Administrator\Dropbox\Logistics.Public.Sector.Refactor\Software_Surgical_Edit\VBA_Modules\mod_SupplierRegistry.bas C:\Users\Administrator\Dropbox\Logistics.Public.Sector.Refactor\Software_Surgical_Edit\VBA_Modules\mod_SupplierScorecard.bas C:\Users\Administrator\Dropbox\Logistics.Public.Sector.Refactor\Software_Surgical_Edit\VBA_Modules\mod_SyncBridge.bas C:\Users\Administrator\Dropbox\Logistics.Public.Sector.Refactor\Software_Surgical_Edit\VBA_Modules\mod_ThemingEngine.bas C:\Users\Administrator\Dropbox\Logistics.Public.Sector.Refactor\Software_Surgical_Edit\VBA_Modules\mod_TransactionSafety.bas C:\Users\Administrator\Dropbox\Logistics.Public.Sector.Refactor\Software_Surgical_Edit\VBA_Modules\mod_UI_Setup.bas C:\Users\Administrator\Dropbox\Logistics.Public.Sector.Refactor\Software_Surgical_Edit\VBA_Modules\mod_UIEnhancements.bas C:\Users\Administrator\Dropbox\Logistics.Public.Sector.Refactor\Software_Surgical_Edit\VBA_Modules\mod_Utilities.bas.Count modules have error handling","17:56:52"
"Security","Transaction safety (ACID)","CRITICAL","PASS","Full transaction lifecycle implemented","17:56:53"
"Security","Audit trail logging","CRITICAL","PASS","Audit logging functions present","17:56:53"
"Data","ARTICLES records (12)","CRITICAL","PASS","12+ articles cataloged","17:57:03"
"Data","No blank article codes","WARNING","PASS","All articles have codes","17:57:04"
"Data","MOUVEMENTS records (62)","WARNING","PASS","62 transactions recorded","17:57:05"
"Data","Stock column type validation","WARNING","PASS","All stock values numeric","17:57:07"
"Graph","Orphan modules (17)","WARNING","WARN","Not called by others: mod_SupplierScorecard, mod_Barcode, mod_ApprovalWorkflow, mod_DemoData, mod_Budget, mod_InventoryReconciliation, mod_Analysis, mod_Reports, mod_Dashboard, mod_CSVImportExport, mod_UI_Setup, mod_DataValidator, mod_Navigation, mod_ReceiptTag, mod_Forecasting, mod_UIEnhancements, mod_ThemingEngine","17:57:08"
"Graph","No circular dependencies","CRITICAL","PASS","Clean dependency graph","17:57:08"
"Graph","Module coupling","INFO","PASS","Few highly-coupled modules: ","17:57:08"
"Performance","Excel optimization flags","WARNING","PASS","ScreenUpdating, Calculation, EnableEvents disabled during ops","17:57:09"
"Compliance","Config constants (WORKING_DAYS=250)","CRITICAL","PASS","Config constants accessible","17:57:10"
"Compliance","French headers","INFO","PASS","Column headers in French","17:57:11"
